Rule ID,Rule Title,Legal Requirement,Description (Simple English),Product Category,Mandatory/Conditional,Evidence Required,Applicable Regulation,Clause,Version/Amendment,Effective Date,Remarks
ID-ALC-001,Alcoholic Beverage Definition,Alcoholic beverage means a beverage... containing more than 0.5 per cent. abv... ethanol shall be of agricultural origin.,Alcoholic drinks (>0.5% ABV) must derive ethanol from agricultural sources.,Alcoholic Beverages,Mandatory,Distillation Records,Food Safety and Standards (Alcoholic Beverages) Regs,1.2.3,V-V (2025),"Apr 1, 2019",Limit is zero for Alcohol-free beer.
ID-ALC-002,Ready-to-Drink Beverage Identity,Flavored beverages having more than 0.5 and up to 15.0% of alcohol by volume... with or without carbonation.,RTD alcoholic beverages must contain 0.5% to 15% ABV and meet specific parameters.,Alcoholic RTD Beverages,Mandatory,Product Specs,Food Safety and Standards (Alcoholic Beverages) Regs,1.2.4a,V-V (2025),"Jan 1, 2026",Table-4 standard applies.
ID-INF-001,Infant Formula Scope,Breast milk substitute product based on milk... to meet the nutritional requirements of infant during the first six months.,Infant formula is strictly defined as a milk substitute for the first 6 months.,Infant Nutrition,Mandatory,Formula Approval,Food Safety and Standards (Foods for Infant Nutrition) Regs,2(1)(h),V-II (2024),"Jul 1, 2021",Packaging must be BPA-Free.
ID-AYU-001,Ayurveda Aahara Infant Prohibition,No person shall manufacture or sell Ayurveda Aahara intended for administration to infants up to the age of twenty-four months.,Ayurveda Aahara cannot be sold or manufactured for infants under 2 years old.,Ayurveda Aahara,Mandatory,Target Age Spec,Food Safety and Standards (Ayurveda Aahara) Regulations,3(2),2022,"May 6, 2022",Based on Schedule A books.
STD-PRO-001,Probiotic Minimum CFU,The viable number of added probiotic organisms in food shall be >= 10^8 CFU in the recommended serving size per day.,Probiotics must deliver at least 100 million CFU per daily serving.,Probiotic Foods,Mandatory,Culture Assay,Food Safety and Standards (Health Supplements...) Regs,10(1)(ii),V-I (2021),"Apr 1, 2022",Organisms must be Non-GMO.
STD-ALC-001,Distilled Spirits Standards,"Distilled spirits shall conform to Table 1: Residue on evaporation max 2.0%, Lead max 0.2 mg/l, Copper max 5.0 mg/l...",Distilled liquors must meet strict chemical purity and heavy metal ceilings.,Distilled Spirits,Mandatory,Lab Analysis,Food Safety and Standards (Alcoholic Beverages) Regs,Table 1,V-V (2025),"Apr 1, 2019",Tolerance limits enforced.
STD-AYU-001,Vitamins Ban in Ayurveda Aahara,"No person shall add vitamins, minerals and amino acids to Ayurveda Aahara","Synthetic vitamins, minerals, and amino acids are banned from being added to Ayurveda Aahara.",Ayurveda Aahara,Mandatory,Formulation,Food Safety and Standards (Ayurveda Aahara) Regulations,3(4),2022,"May 6, 2022",Natural minerals allowed.
MFG-REC-001,Mandatory Recall Traceability,The food business operator shall maintain the food distribution records... for a period of one year from best before date...,FBOs must keep distribution records for at least 1 year past expiry for recall purposes.,All Food Businesses,Mandatory,ERP Logs,Food Safety and Standards (Food Recall Procedure) Regs,6(1),2017,"Jan 20, 2017",2 years for alcohol.
MFG-SCH-001,School Meal Provider Compliance,"FBOs selling or catering food on school campus shall ensure compliance to Schedule 4, Food Safety Display Board and Food Safety Supervisor...","School caterers/canteens must have FSSAI licenses, display boards, and trained supervisors.",School Food,Mandatory,FSS Certificate,Food Safety and Standards (Safe food for children...) Regs,3(4),2020,"Jul 1, 2021",Verified by schools.
QTY-SMP-001,Prescribed Lab Sample Quantity,"The quantity of sample of food to be sent to the Food Analyst... shall be as specified (e.g., Milk: 500ml, Water: 3L).",Exact physical quantities must be drawn for statutory lab testing.,All Categories,Mandatory,Sampling Memo,Food Safety and Standards (Lab & Sample Analysis) Regs,2.3.1,V-III (2021),"Aug 5, 2011",Preservative required.
LAB-VEG-001,Veg / Non-Veg Logo,Every package of Non-Vegetarian Food... shall bear a brown triangle... Vegetarian Food... green circle... size based on Principal Display Panel.,Retail packs must display the green/brown dot logo in exact dimensions.,Pre-packaged Foods,Mandatory,Artwork,Food Safety and Standards (Labelling and Display) Regs,5(4),V-VIII (2025),"Jul 1, 2022",Water/Milk exempt.
LAB-VEG-002,Vegan Food Logo Dimensions,"Every package of vegan foods, after the approval, shall carry the logo as specified... (VEGAN with V-leaf).",Approved Vegan foods must prominently display the green Vegan V-leaf logo.,Vegan Foods,Mandatory,Artwork,Food Safety and Standards (Vegan Foods) Amendment Regs,4(2),2026 Amend,"Jul 1, 2027",Exact mm specs required.
LAB-NUT-001,Mandatory Nutritional Panel,"Nutritional Information per 100g or 100ml... energy, Protein, Carbohydrate, Total Sugars, added sugars, Total fat, saturated fat, trans fat...",Packages must declare a full nutrient breakdown per 100g/ml and per serving.,Pre-packaged Foods,Mandatory,Lab Report,Food Safety and Standards (Labelling and Display) Regs,5(3)(b),V-VIII (2025),"Jul 1, 2022",-10% tolerance allowed.
LAB-ALC-001,Alcohol Statutory Warning,There shall be a statutory warning... 'CONSUMPTION OF ALCOHOL IS INJURIOUS TO HEALTH. BE SAFE-DONT DRINK AND DRIVE.',Alcohol containers must carry the specific statutory health warning.,Alcoholic Beverages,Mandatory,Label,Food Safety and Standards (Alcoholic Beverages) Regs,5.12,V-V (2025),"Apr 1, 2019",Font size scaled to volume.
LAB-AYU-001,Ayurveda Aahara Warning,Every label... shall specify 'AYURVEDA AAHARA' and the logo... an advisory warning 'ONLY FOR DIETARY USE'.,Ayurveda Aahara must display its specific logo and dietary use warning.,Ayurveda Aahara,Mandatory,Label,Food Safety and Standards (Ayurveda Aahara) Regulations,13(a)-(b),2022,"May 6, 2022",Not for parenteral use.
PKG-MIG-001,Plastic Migration Limits,All packaging materials of plastic origin shall pass the prescribed overall migration limit of 60mg/kg or 10mg/dm2...,Food contact plastics must pass chemical leaching tests.,Food Contact Plastics,Mandatory,NABL Test,Food Safety and Standards (Packaging) Regulations,4(4)(b),V-V (2025),"Jul 1, 2019",Specific metal limits apply.
PKG-WAT-001,Drinking Water Transparency,"Drinking Water shall be packed in colourless, transparent and tamper-proof bottles... transparency not less than 85 percent.",Water bottles must be clear (>=85% light transmission) and tamper-proof.,Packaged Water,Mandatory,Specs,Food Safety and Standards (Packaging) Regulations,4(4)(a),V-V (2025),"Jul 1, 2019",Colorants for >=5L allowed.
SAF-TRF-001,Trans Fatty Acids Limit,Food Products in which edible oils and fats are used... shall not contain industrial trans fatty acids more than 2% by mass...,Industrial trans fats are strictly limited to 2% of total fat.,Foods with Oils/Fats,Mandatory,Lab Report,Food Safety and Standards (Prohibition/Restriction) Regs,2.3.14 (21),V-XI (2025),"Jan 1, 2022",Excludes natural trans fats.
SAF-ARS-001,Arsenic Limit in Fish Oils,"For fish oils, the Maximum level (ML) of inorganic arsenic (As-in) that is 0.1 mg/kg will be applicable.",Fish oils must not contain inorganic arsenic over 0.1 ppm.,Fish Oils,Mandatory,Lab Report,Food Safety and Standards (Contaminants & Toxins) Regs,2(b) Note,2026 Amend,"Dec 1, 2026",No follow-up if total <0.1.
SAF-PRH-001,Carbide Gas Prohibition,"No person shall sell... fruits which have been artificially ripened by use of acetylene gas, commonly known as carbide gas.",Carbide gas ripening is banned (Ethylene gas up to 100ppm allowed).,Fresh Fruits,Mandatory,Audit,Food Safety and Standards (Prohibition/Restriction) Regs,2.3.5,V-XI (2025),"Aug 5, 2011",Ethylene <100ppm.
LIC-FBO-001,FSSAI License Requirement,No person shall commence any food business unless he possesses a valid license...,Every commercial food operator must hold an active FSSAI License/Registration.,All Food Businesses,Mandatory,Form C,Food Safety and Standards (Licensing & Registration) Regs,2.1.2(1),V-II (2017),"Aug 5, 2011",Validity 1-5 years.
LIC-IMP-001,Import License & DGFT,No person shall import any article of food without an import license... Food Importer shall register with DGFT and possess valid IEC.,Importers need a Central FSSAI License and DGFT IEC.,Imported Foods,Mandatory,Licenses,Food Safety and Standards (Import) Regulations,3(1)-(2),V-VII (2025),"Mar 9, 2017",IEC suspension cancels FSSAI.
CND-IMP-001,60% Shelf Life Import,The custom shall not clear any article of food unless it has a valid shelf life of not less than sixty per cent or three months before expiry...,Imported foods must have at least 60% or 3 months shelf life remaining.,Imported Foods,Mandatory,Customs,Food Safety and Standards (Import) Regulations,5(6),V-VII (2025),"Feb 7, 2018",Enforced at port.
CND-SCH-001,HFSS 50-meter Ban,No person shall advertise or market or sell... food products high in saturated fat or trans-fat or added sugar or sodium in school campus or... within fifty meters...,HFSS foods cannot be sold or advertised within 50 meters of a school.,HFSS Foods,Mandatory,Audit,Food Safety and Standards (Safe food for children) Regs,5(1),2020,"Jul 1, 2021",Strict radius control.
EXC-VEG-001,Veg Logo Exemptions,"Provisions of regulations 5(4)... shall not apply in respect of mineral water, packaged drinking water, carbonated water, alcoholic beverages, liquid milk, milk powders and honey.","Water, plain alcohol, milk, and honey are exempt from Veg/Non-Veg logos.","Water, Alcohol, Milk",Conditional,N/A,Food Safety and Standards (Labelling and Display) Regs,5(4) Proviso,V-VIII (2025),"Jul 1, 2022",If no non-veg processing aids.
EXE-DIM-001,Small Package Exemption,"Where the surface area of the package is not more than 100 square centimetres, the label... shall be exempted from the requirements of list of ingredients...",Packages <100 cm² do not need ingredient lists/nutrition panels on the primary unit.,Small Packages,Conditional,Dimensions,Food Safety and Standards (Labelling and Display) Regs,8(1),V-VIII (2025),"Jul 1, 2022",Multi-packs must show info.
